Brand,Sample_Order_No,Client,Receiver_Mobile,Order_Date,Season,Receiver_Email,,
TATA,AW-25 SHREELACE,puma,08059900855,2025-01-27,season,Arjun.Mittal@knsshotech.com,,
SNo,Model/Article,Material Description,Color,UOM,Order Date,QTY,
1,FTR CONNECT NU,10MM FINE WEBBING WITH HIGH BULK YARN,ASH GRAY 000-73-00,MTR,2025-01-27,30MTR
2,FTR CONNECT NU,10MM FINE WEBBING WITH HIGH BULK YARN,ASH GRAY 000-73-00,MTR,2025-01-27,30MTR
3,FTR CONNECT NU,10MM FINE WEBBING WITH HIGH BULK YARN,ASH GRAY 000-73-00,MTR,2025-01-27,30MTR
4,FTR CONNECT NU,10MM FINE WEBBING WITH HIGH BULK YARN,ASH GRAY 000-73-00,MTR,2025-01-27,30MTR
5,FTR CONNECT NU,10MM FINE WEBBING WITH HIGH BULK YARN,ASH GRAY 000-73-00,MTR,2025-01-27,30MTR
6,FTR CONNECT NU,10MM FINE WEBBING WITH HIGH BULK YARN,ASH GRAY 000-73-00,MTR,2025-01-27,30MTR
7,FTR CONNECT NU,10MM FINE WEBBING WITH HIGH BULK YARN,ASH GRAY 000-73-00,MTR,2025-01-27,30MTR

