,,,,,,,,,
,PURCHASE ORDER NO:,<ORDER NO.>,,PURCHASE ORDER DATE:,<DD-MM-YYYY>,,,,
,BRAND NAME :,<BRAND NAME>,,CSD DATE:,<DD-MM-YYYY>,,,,
,BUYER NAME :,<NAME OF CLIENT>,,,,,,,
,,,,,,,,,
PURCHASE ORDER LIST STARTS BELOW,,,,,,,,,
,,,,,,,,,
ARTICLE CODE,LACE TYPE,MATERIAL TYPE,NO. OF COLORS,WIDTH,LENGTH,COLOR,UOM,QTY,RATE
<LACE ID>,"<FLAT,OVAL,WEBBING>","<HIGH BULK, NYLON, COTTON>","<SINGLE, DOUBLE>",<WIDTH OF LACE IN MM>,<LENGTH IN CM>,<COLOR>,<UOM>,<QTY>,<RATE>
<LACE ID>,"<FLAT,OVAL,WEBBING>","<HIGH BULK, NYLON, COTTON>","<SINGLE, DOUBLE>",<WIDTH OF LACE IN MM>,<LENGTH IN CM>,<COLOR>,<UOM>,<QTY>,<RATE>